frame_idx,time_sec,foot,knee_angle,knee_status,foot_strike_angle,foot_strike_status,overstride_distance,overstride_status,hip_y,is_foot_strike
0,0.0,,,,,,,,0.49150902032852173,False
1,0.0167,,,,,,,,0.49143753118296496,False
2,0.0333,,,,,,,,0.49228826969497375,False
3,0.05,,,,,,,,0.493447671133735,False
4,0.0667,,,,,,,,0.49470234840569216,False
5,0.0833,,,,,,,,0.4963685142139277,False
6,0.1,,,,,,,,0.497993036936911,False
7,0.1167,,,,,,,,0.4995074170158802,False
8,0.1333,,,,,,,,0.5008277244287167,False
9,0.15,right,161.17856150055323,borderline,-1.7493791393368445,mid_foot_strike,0.0021762176003568,good_stride,0.5019200681690432,True
10,0.1667,,,,,,,,0.5027885940349914,False
11,0.1833,,,,,,,,0.503468605059737,False
12,0.2,,,,,,,,0.5028013291597018,False
13,0.2167,,,,,,,,0.5017910613580938,False
14,0.2333,,,,,,,,0.5004186369445478,False
15,0.25,,,,,,,,0.4988145285520946,False
16,0.2667,,,,,,,,0.4971621714817194,False
17,0.2833,,,,,,,,0.4955629397015766,False
18,0.3,,,,,,,,0.4938377737997358,False
19,0.3167,,,,,,,,0.49215951420230375,False
20,0.3333,,,,,,,,0.490699997648124,False
21,0.35,,,,,,,,0.48941544235418644,False
22,0.3667,,,,,,,,0.48902320053107134,False
23,0.3833,,,,,,,,0.4892368160163082,False
24,0.4,,,,,,,,0.489884201104557,False
25,0.4167,,,,,,,,0.4905994947170271,False
26,0.4333,,,,,,,,0.4913400426554527,False
27,0.45,,,,,,,,0.4923651071387447,False
28,0.4667,,,,,,,,0.49334325636660337,False
29,0.4833,,,,,,,,0.49414361811280727,False
30,0.5,,,,,,,,0.4947950480053043,False
31,0.5167,,,,,,,,0.4953210583931001,False
32,0.5333,left,160.16522039041527,borderline,-20.17884509694137,forefoot_strike,0.022412341514102485,good_stride,0.4956176619399115,True
33,0.55,,,,,,,,0.4957885788727895,False
34,0.5667,,,,,,,,0.49533612125678084,False
35,0.5833,,,,,,,,0.4946373389655303,False
36,0.6,,,,,,,,0.4936871550248859,False
37,0.6167,,,,,,,,0.4928805266889934,False
38,0.6333,,,,,,,,0.4921455231471541,False
39,0.65,,,,,,,,0.4915246471378289,False
40,0.6667,,,,,,,,0.49093228872050737,False
41,0.6833,,,,,,,,0.4904407597217938,False
42,0.7,,,,,,,,0.49085082481708536,False
43,0.7167,,,,,,,,0.4913662107837347,False
44,0.7333,,,,,,,,0.49245293135373147,False
45,0.75,,,,,,,,0.49379651669000796,False
46,0.7667,,,,,,,,0.4953160939673889,False
47,0.7833,,,,,,,,0.4968739918164342,False
48,0.8,,,,,,,,0.49867035551999644,False
49,0.8167,,,,,,,,0.5003504789701497,False
50,0.8333,left,135.68920521933714,borderline,-70.84523333637769,forefoot_strike,0.06183755298694982,good_stride,0.5018163327875325,True
51,0.85,,,,,,,,0.5031213214909975,False
52,0.8667,,,,,,,,0.5037803693332528,False
53,0.8833,right,159.50796371281245,borderline,-12.164874930104874,forefoot_strike,0.022704300265494692,good_stride,0.5039253092168837,True
54,0.9,,,,,,,,0.5024818858792555,False
55,0.9167,,,,,,,,0.5006569546417701,False
56,0.9333,,,,,,,,0.49875338420685766,False
57,0.95,,,,,,,,0.49690284249199557,False
58,0.9667,,,,,,,,0.49525882166005175,False
59,0.9833,,,,,,,,0.49353492542820065,False
60,1.0,,,,,,,,0.491440012996243,False
61,1.0167,,,,,,,,0.489548426404548,False
62,1.0333,,,,,,,,0.4881090184829175,False
63,1.05,,,,,,,,0.48702544669145975,False
64,1.0667,,,,,,,,0.48787064200035285,False
65,1.0833,,,,,,,,0.4887975925182067,False
66,1.1,,,,,,,,0.4898548111547977,False
67,1.1167,,,,,,,,0.49091743136364807,False
68,1.1333,,,,,,,,0.49204903882899936,False
69,1.15,,,,,,,,0.4930479468058365,False
70,1.1667,,,,,,,,0.49389248960095333,False
71,1.1833,,,,,,,,0.49460093301155694,False
72,1.2,,,,,,,,0.49519051689632065,False
73,1.2167,left,160.92571277464984,borderline,-19.737553680046712,forefoot_strike,0.01156067848408282,good_stride,0.4956766572885135,True
74,1.2333,,,,,,,,0.4950811208011178,False
75,1.25,,,,,,,,0.49392461566397106,False
76,1.2667,,,,,,,,0.49269728108955835,False
77,1.2833,,,,,,,,0.4910716985643505,False
78,1.3,,,,,,,,0.4893743268983274,False
79,1.3167,,,,,,,,0.4876449015155972,False
80,1.3333,,,,,,,,0.4862043829274492,False
81,1.35,,,,,,,,0.48496400368749387,False
82,1.3667,,,,,,,,0.4839485653079916,False
83,1.3833,,,,,,,,0.483108692391322,False
84,1.4,,,,,,,,0.4843850291691353,False
85,1.4167,,,,,,,,0.4858153537965211,False
86,1.4333,,,,,,,,0.48742791616801984,False
87,1.45,,,,,,,,0.4893286273736859,False
88,1.4667,,,,,,,,0.49111403254542885,False
89,1.4833,,,,,,,,0.4926992642723994,False
90,1.5,,,,,,,,0.4940766111018299,False
91,1.5167,,,,,,,,0.49526663783624747,False
92,1.5333,,,,,,,,0.49630431972391265,False
93,1.55,right,160.16146980428238,borderline,-13.482103449568534,forefoot_strike,0.012619075946027847,good_stride,0.49712157019164205,True
94,1.5667,,,,,,,,0.4969791236942642,False
95,1.5833,,,,,,,,0.49660568518404086,False
96,1.6,,,,,,,,0.49594826372896567,False
97,1.6167,,,,,,,,0.49480198544308995,False
98,1.6333,,,,,,,,0.49341494252887763,False
99,1.65,,,,,,,,0.4917982112746656,False
100,1.6667,,,,,,,,0.49013215986004327,False
101,1.6833,,,,,,,,0.4886351835802486,False
102,1.7,,,,,,,,0.4872891210108454,False
103,1.7167,,,,,,,,0.4861373633087325,False
104,1.7333,,,,,,,,0.48612058870831354,False
105,1.75,,,,,,,,0.48674773721807885,False
106,1.7667,right,156.1465141159864,borderline,-68.48880384920848,forefoot_strike,0.055848172309119815,good_stride,0.48761542994454565,True
107,1.7833,,,,,,,,0.48860435591947116,False
108,1.8,,,,,,,,0.489552303468103,False
109,1.8167,,,,,,,,0.4908089040886786,False
110,1.8333,,,,,,,,0.49181935738328425,False
111,1.85,,,,,,,,0.4930449965611132,False
112,1.8667,,,,,,,,0.49400386406456254,False
113,1.8833,,,,,,,,0.49463971566200854,False
114,1.9,,,,,,,,0.4948922189443784,False
115,1.9167,left,156.70708710914246,borderline,-20.451762644273867,forefoot_strike,0.03287649525113173,good_stride,0.4947038003432864,True
116,1.9333,,,,,,,,0.4944896245596719,False
117,1.95,,,,,,,,0.49387308132505536,False
118,1.9667,,,,,,,,0.49297183000524064,False
119,1.9833,,,,,,,,0.4921799329457405,False
120,2.0,,,,,,,,0.49125867517208144,False
121,2.0167,,,,,,,,0.49044743804179874,False
122,2.0333,,,,,,,,0.4897506706746506,False
123,2.05,,,,,,,,0.4892250148390028,False
124,2.0667,,,,,,,,0.48913572966501656,False
125,2.0833,,,,,,,,0.4895863753419123,False
126,2.1,,,,,,,,0.4903499163696723,False
127,2.1167,,,,,,,,0.4915950449022379,False
128,2.1333,,,,,,,,0.4929385711421055,False
129,2.15,,,,,,,,0.4943825783991772,False
130,2.1667,,,,,,,,0.4957914790160535,False
131,2.1833,,,,,,,,0.4971425015656269,False
132,2.2,,,,,,,,0.49852862380771057,False
133,2.2167,,,,,,,,0.4998581101451368,False
134,2.2333,,,,,,,,0.5009445541186216,False
135,2.25,,,,,,,,0.5017137657599411,False
136,2.2667,right,157.33509399352712,borderline,-14.817269727806032,forefoot_strike,0.02744902100125557,good_stride,0.502052122177405,True
137,2.2833,,,,,,,,0.5010484006990092,False
138,2.3,,,,,,,,0.49974846079053814,False
139,2.3167,,,,,,,,0.49821963216383414,False
140,2.3333,,,,,,,,0.4967608201555854,False
141,2.35,,,,,,,,0.49542297160141524,False
142,2.3667,,,,,,,,0.49406842708570947,False
143,2.3833,,,,,,,,0.4927158906919757,False
144,2.4,,,,,,,,0.4916059138375561,False
145,2.4167,,,,,,,,0.4906454717153337,False
146,2.4333,,,,,,,,0.48985480835118866,False
147,2.45,,,,,,,,0.4901830577441949,False
148,2.4667,,,,,,,,0.490567587929797,False
149,2.4833,,,,,,,,0.49110226715389893,False
150,2.5,,,,,,,,0.49158295478759484,False
151,2.5167,,,,,,,,0.49235181745574286,False
152,2.5333,,,,,,,,0.49292368537432113,False
153,2.55,,,,,,,,0.4933916851485186,False
154,2.5667,,,,,,,,0.49366385650183886,False
155,2.5833,,,,,,,,0.4935147392230242,False
156,2.6,left,160.99404753034418,borderline,-18.024175852833164,forefoot_strike,0.020775756010796786,good_stride,0.4932939413604185,True
157,2.6167,,,,,,,,0.4924179899530544,False
158,2.6333,,,,,,,,0.4913475411538274,False
159,2.65,,,,,,,,0.4903896973577125,False
160,2.6667,,,,,,,,0.489304449562608,False
161,2.6833,,,,,,,,0.48837430862454784,False
162,2.7,,,,,,,,0.48746659756712624,False
163,2.7167,,,,,,,,0.48654124381833075,False
164,2.7333,,,,,,,,0.4858521004942716,False
165,2.75,,,,,,,,0.4854550470054709,False
166,2.7667,,,,,,,,0.4853692748633309,False
167,2.7833,,,,,,,,0.48658949886994546,False
168,2.8,,,,,,,,0.4879724315696957,False
169,2.8167,,,,,,,,0.4900656377040246,False
170,2.8333,,,,,,,,0.49213681250456676,False
171,2.85,,,,,,,,0.49403171818359426,False
172,2.8667,,,,,,,,0.49586580862387075,False
173,2.8833,,,,,,,,0.4973865130410585,False
174,2.9,,,,,,,,0.49833293003700985,False
175,2.9167,,,,,,,,0.49907427345059646,False
176,2.9333,right,160.19244564074955,borderline,-12.752068715889052,forefoot_strike,0.023086391915038085,good_stride,0.4996427123551857,True
177,2.95,,,,,,,,0.498607800183626,False
178,2.9667,,,,,,,,0.4970914791409698,False
179,2.9833,,,,,,,,0.49525679442301007,False
180,3.0,,,,,,,,0.49325051193093516,False
181,3.0167,,,,,,,,0.49134810836845877,False
182,3.0333,,,,,,,,0.48915372840074917,False
183,3.05,,,,,,,,0.487040197305662,False
184,3.0667,,,,,,,,0.4854123812420291,False
185,3.0833,,,,,,,,0.4839156006747586,False
186,3.1,,,,,,,,0.48259375236807034,False
187,3.1167,,,,,,,,0.4828082816112245,False
188,3.1333,,,,,,,,0.48403018744658916,False
189,3.15,,,,,,,,0.48536549796974254,False
190,3.1667,,,,,,,,0.48668406257960845,False
191,3.1833,,,,,,,,0.48804894525274367,False
192,3.2,,,,,,,,0.48941967540104925,False
193,3.2167,,,,,,,,0.4906873094909114,False
194,3.2333,,,,,,,,0.49169670795774567,False
195,3.25,,,,,,,,0.4925132591316761,False
196,3.2667,left,160.3843442994141,borderline,-19.207447408128502,forefoot_strike,0.014445594426922448,good_stride,0.49316171199776365,True
197,3.2833,,,,,,,,0.4936211532863236,False
198,3.3,,,,,,,,0.49345671715232337,False
199,3.3167,,,,,,,,0.49270795377336085,False
200,3.3333,,,,,,,,0.491835650906837,False
201,3.35,,,,,,,,0.4908855041595931,False
202,3.3667,,,,,,,,0.49006819233740434,False
203,3.3833,,,,,,,,0.4893468470815607,False
204,3.4,,,,,,,,0.488826228252671,False
205,3.4167,,,,,,,,0.48839269070541724,False
206,3.4333,,,,,,,,0.48805553174789984,False
207,3.45,,,,,,,,0.4888206566404779,False
208,3.4667,,,,,,,,0.4899179356984911,False
209,3.4833,,,,,,,,0.491404333304962,False
210,3.5,,,,,,,,0.49291324495337074,False
211,3.5167,,,,,,,,0.4944551572995727,False
212,3.5333,,,,,,,,0.49590555262777053,False
213,3.55,,,,,,,,0.4972560267092868,False
214,3.5667,,,,,,,,0.4983039129722342,False
215,3.5833,,,,,,,,0.4991235693203899,False
216,3.6,right,159.09431433144087,borderline,-12.824570492941165,forefoot_strike,0.014116364035157924,good_stride,0.4997943762346828,True
217,3.6167,,,,,,,,0.4989353248604409,False
218,3.6333,,,,,,,,0.49780103819230415,False
219,3.65,,,,,,,,0.4959870268501092,False
220,3.6667,,,,,,,,0.49394844318836884,False
221,3.6833,,,,,,,,0.4920576350138629,False
222,3.7,,,,,,,,0.4902345510993448,False
223,3.7167,,,,,,,,0.48839169789425874,False
224,3.7333,,,,,,,,0.4864981094773231,False
225,3.75,,,,,,,,0.4848398740916172,False
226,3.7667,,,,,,,,0.4834229688979216,False
227,3.7833,,,,,,,,0.4833303083557439,False
228,3.8,right,154.04815135437752,good_flexion,-70.53501026867194,forefoot_strike,0.06748483576925596,good_stride,0.4836411841893097,True
229,3.8167,,,,,,,,0.484927861367449,False
230,3.8333,,,,,,,,0.48607201177027026,False
231,3.85,,,,,,,,0.48739270262294915,False
232,3.8667,,,,,,,,0.48876171487476644,False
233,3.8833,,,,,,,,0.49001497375064423,False
234,3.9,,,,,,,,0.4910651653697736,False
235,3.9167,,,,,,,,0.49194009915873993,False
236,3.9333,,,,,,,,0.49265182257614504,False
237,3.95,,,,,,,,0.4932377389117522,False
238,3.9667,left,159.5002650968361,borderline,-23.56759367259877,forefoot_strike,0.024785394010483297,good_stride,0.49360989963554025,True
239,3.9833,,,,,,,,0.4932035159618764,False
240,4.0,,,,,,,,0.4927289450865251,False
241,4.0167,,,,,,,,0.4921674426968321,False
242,4.0333,,,,,,,,0.49120118077422725,False
243,4.05,,,,,,,,0.49012529867689414,False
244,4.0667,,,,,,,,0.4891800306293336,False
245,4.0833,,,,,,,,0.48833573038435096,False
246,4.1,,,,,,,,0.4875932530147912,False
247,4.1167,,,,,,,,0.4871748232591618,False
248,4.1333,,,,,,,,0.4868792018359467,False
249,4.15,,,,,,,,0.486731876878155,False
250,4.1667,,,,,,,,0.48749521164875675,False
251,4.1833,,,,,,,,0.48903397721175235,False
252,4.2,,,,,,,,0.4908917553765911,False
253,4.2167,,,,,,,,0.49280603516704824,False
254,4.2333,,,,,,,,0.49461238401396446,False
255,4.25,,,,,,,,0.4962953811528995,False
256,4.2667,,,,,,,,0.49773615703063,False
257,4.2833,,,,,,,,0.4988768281472425,False
258,4.3,,,,,,,,0.49975693159100054,False
259,4.3167,right,159.7034875430871,borderline,-13.175796459205111,forefoot_strike,0.022944817875056644,good_stride,0.5004644806951895,True
260,4.3333,,,,,,,,0.49996737809700376,False
261,4.35,,,,,,,,0.4989199678590076,False
262,4.3667,,,,,,,,0.497293738697263,False
263,4.3833,,,,,,,,0.4955704636767403,False
264,4.4,,,,,,,,0.49367260936490076,False
265,4.4167,,,,,,,,0.4916978747219854,False
266,4.4333,,,,,,,,0.48950864565493324,False
267,4.45,,,,,,,,0.4877239089535945,False
268,4.4667,,,,,,,,0.48634059705606814,False
269,4.4833,,,,,,,,0.485107644152804,False
270,4.5,,,,,,,,0.4854996410652411,False
271,4.5167,,,,,,,,0.48617413629299855,False
272,4.5333,,,,,,,,0.48707969823523245,False
273,4.55,,,,,,,,0.48803989917158835,False
274,4.5667,,,,,,,,0.48893199223651346,False
275,4.5833,,,,,,,,0.4897805878382888,False
276,4.6,,,,,,,,0.49064288690360564,False
277,4.6167,,,,,,,,0.4913639821572927,False
278,4.6333,,,,,,,,0.49195656259295767,False
279,4.65,left,161.7383847388407,borderline,-19.58305471384151,forefoot_strike,0.015693288132467398,good_stride,0.49241361315564314,True
280,4.6667,,,,,,,,0.49214345259560754,False
281,4.6833,,,,,,,,0.49153781925353207,False
282,4.7,,,,,,,,0.490867592656032,False
283,4.7167,,,,,,,,0.4901468194306342,False
284,4.7333,,,,,,,,0.48935891395440634,False
285,4.75,,,,,,,,0.48853531543224515,False
286,4.7667,,,,,,,,0.48779163032845574,False
287,4.7833,,,,,,,,0.48716649177846694,False
288,4.8,,,,,,,,0.48663864809316437,False
289,4.8167,,,,,,,,0.48617046928795504,False
290,4.8333,,,,,,,,0.48711244116555796,False
291,4.85,,,,,,,,0.4884161480841004,False
292,4.8667,,,,,,,,0.4899699684964018,False
293,4.8833,,,,,,,,0.4918757809987544,False
294,4.9,,,,,,,,0.4939050332690813,False
295,4.9167,,,,,,,,0.4955919857220851,False
296,4.9333,,,,,,,,0.4971124048814721,False
297,4.95,,,,,,,,0.4983098213259484,False
298,4.9667,,,,,,,,0.4992709295284954,False
299,4.9833,right,159.49498597454527,borderline,-12.451231738609158,forefoot_strike,0.014820229973056764,good_stride,0.5000733037921805,True
300,5.0,,,,,,,,0.5000057658883468,False
301,5.0167,,,,,,,,0.49955639953510833,False
302,5.0333,,,,,,,,0.4984522688545921,False
303,5.05,,,,,,,,0.4971955718502148,False
304,5.0667,,,,,,,,0.4959868626263889,False
305,5.0833,,,,,,,,0.4949475923541842,False
306,5.1,,,,,,,,0.49399749452494757,False
307,5.1167,,,,,,,,0.4931931738886052,False
308,5.1333,,,,,,,,0.49251854506768633,False
309,5.15,,,,,,,,0.4919708277820508,False
310,5.1667,left,159.63198585802428,borderline,-12.031241232474578,forefoot_strike,0.011478926273566503,good_stride,0.49198254362853944,True
311,5.1833,right,158.39964224057516,borderline,-61.79254592250085,forefoot_strike,0.053272120338685,good_stride,0.49237143602707334,True
312,5.2,,,,,,,,0.493029837502188,False
313,5.2167,,,,,,,,0.49365141173352967,False
314,5.2333,,,,,,,,0.49425462962905065,False
315,5.25,,,,,,,,0.4949917986490583,False
316,5.2667,,,,,,,,0.49583519464436726,False
317,5.2833,,,,,,,,0.4965400902313388,False
318,5.3,,,,,,,,0.4971215993185424,False
319,5.3167,,,,,,,,0.49760162056369334,False
320,5.3333,,,,,,,,0.49789875835112213,False
321,5.35,left,160.77445839903936,borderline,-16.274758628102852,forefoot_strike,0.03445792225851452,good_stride,0.49790166145273623,True
322,5.3667,,,,,,,,0.4973349618992603,False
323,5.3833,,,,,,,,0.49648449092942337,False
324,5.4,,,,,,,,0.4954118987568037,False
325,5.4167,,,,,,,,0.4943506431804725,False
326,5.4333,,,,,,,,0.4933409435295241,False
327,5.45,,,,,,,,0.4925011283898878,False
328,5.4667,,,,,,,,0.4918056098241772,False
329,5.4833,,,,,,,,0.49123012336649563,False
330,5.5,,,,,,,,0.4912140837776896,False
331,5.5167,,,,,,,,0.49165919049238405,False
332,5.5333,,,,,,,,0.4930773954220626,False
333,5.55,,,,,,,,0.4947417808363447,False
334,5.5667,,,,,,,,0.4964313269176703,False
335,5.5833,,,,,,,,0.49801717584250266,False
336,5.6,,,,,,,,0.4995445318812899,False
337,5.6167,,,,,,,,0.5009019914971373,False
338,5.6333,,,,,,,,0.5020548914483804,False
339,5.65,,,,,,,,0.5030365265168777,False
340,5.6667,right,160.567590376776,borderline,-10.189750822315704,forefoot_strike,0.01764608582617272,good_stride,0.5033703230906519,True
341,5.6833,,,,,,,,0.5034216142858863,False
342,5.7,,,,,,,,0.5023842968253867,False
343,5.7167,,,,,,,,0.5009404516617983,False
344,5.7333,,,,,,,,0.49946596986388575,False
345,5.75,,,,,,,,0.4979694888743803,False
346,5.7667,,,,,,,,0.4965203231213373,False
347,5.7833,,,,,,,,0.4951237778256654,False
348,5.8,,,,,,,,0.4936819087560431,False
349,5.8167,,,,,,,,0.4923212540617498,False
350,5.8333,,,,,,,,0.49116057445529804,False
351,5.85,,,,,,,,0.4902209701105906,False
352,5.8667,,,,,,,,0.49028101983234695,False
353,5.8833,,,,,,,,0.4904034860247659,False
354,5.9,,,,,,,,0.49051699114343594,False
355,5.9167,,,,,,,,0.4909371289420489,False
356,5.9333,,,,,,,,0.49131968867762,False
357,5.95,,,,,,,,0.4919053794271706,False
358,5.9667,,,,,,,,0.49250304562188196,False
359,5.9833,,,,,,,,0.49301552045005603,False
360,6.0,,,,,,,,0.49344319451434754,False
361,6.0167,left,162.24372868177068,borderline,-14.566307005519096,forefoot_strike,0.015031798683289688,good_stride,0.49381106060559893,True
362,6.0333,,,,,,,,0.49316109266331154,False
363,6.05,,,,,,,,0.49211634589627584,False
364,6.0667,,,,,,,,0.49097041233952154,False
365,6.0833,,,,,,,,0.4898686175476408,False
366,6.1,,,,,,,,0.48882416758753106,False
367,6.1167,,,,,,,,0.4877531658582452,False
368,6.1333,,,,,,,,0.4867537845556644,False
369,6.15,,,,,,,,0.48578065628049916,False
370,6.1667,,,,,,,,0.4851823353496856,False
371,6.1833,,,,,,,,0.4847211773799214,False
372,6.2,,,,,,,,0.4856130196915829,False
373,6.2167,,,,,,,,0.48683024786522794,False
374,6.2333,,,,,,,,0.48836820262160324,False
375,6.25,,,,,,,,0.48995644393965954,False
376,6.2667,,,,,,,,0.4915641487921774,False
377,6.2833,,,,,,,,0.49358169413155306,False
378,6.3,,,,,,,,0.49559655288152515,False
379,6.3167,,,,,,,,0.49735205650620057,False
380,6.3333,,,,,,,,0.4987578124844537,False
381,6.35,right,161.01873775650955,borderline,-13.244817041644593,forefoot_strike,0.009801569392186016,good_stride,0.4998462666960578,True
382,6.3667,,,,,,,,0.49955184004540804,False
383,6.3833,,,,,,,,0.49881691821888785,False
384,6.4,,,,,,,,0.49786152928266886,False
385,6.4167,,,,,,,,0.49640216198660836,False
386,6.4333,,,,,,,,0.49455756319145355,False
387,6.45,,,,,,,,0.4924779104232862,False
388,6.4667,,,,,,,,0.49030882291093103,False
389,6.4833,,,,,,,,0.4885001452523281,False
390,6.5,,,,,,,,0.4867890982000337,False
391,6.5167,,,,,,,,0.4851522565583497,False
392,6.5333,,,,,,,,0.48497167552287956,False
393,6.55,left,155.0681565803579,borderline,-15.888235055698587,forefoot_strike,0.006933079093231487,good_stride,0.4853636666383335,True
394,6.5667,right,160.1299362800537,borderline,-55.99143072565272,forefoot_strike,0.04932812732017833,good_stride,0.48582314686877787,True
395,6.5833,,,,,,,,0.4870635816764038,False
396,6.6,,,,,,,,0.4882429192650144,False
397,6.6167,,,,,,,,0.4896659435452543,False
398,6.6333,,,,,,,,0.4909105093882328,False
399,6.65,,,,,,,,0.49209889863826084,False
400,6.6667,,,,,,,,0.49315377838910524,False
401,6.6833,,,,,,,,0.4940017949197002,False
402,6.7,,,,,,,,0.49466288630407423,False
403,6.7167,,,,,,,,0.4951921176603663,False
404,6.7333,left,157.30324235914458,borderline,-23.85137543439571,forefoot_strike,0.037248824032431904,good_stride,0.495618310517503,True
405,6.75,,,,,,,,0.4955605813244422,False
406,6.7667,,,,,,,,0.49516620677377554,False
407,6.7833,,,,,,,,0.4944805146244807,False
408,6.8,,,,,,,,0.49349698123005953,False
409,6.8167,,,,,,,,0.49259600092667943,False
410,6.8333,,,,,,,,0.4918250353850865,False
411,6.85,,,,,,,,0.49112141727862535,False
412,6.8667,,,,,,,,0.49166629226346903,False
413,6.8833,,,,,,,,0.49236592825148207,False
414,6.9,,,,,,,,0.49319618992430786,False
415,6.9167,,,,,,,,0.49438719342103543,False
416,6.9333,,,,,,,,0.49571226889409997,False
417,6.95,,,,,,,,0.4973167877064877,False
418,6.9667,,,,,,,,0.499088992860409,False
419,6.9833,,,,,,,,0.5006822169530806,False
420,7.0,,,,,,,,0.501996761618443,False
421,7.0167,,,,,,,,0.5030757702523905,False
422,7.0333,,,,,,,,0.5034118821243414,False
423,7.05,,,,,,,,0.5032355949292093,False
424,7.0667,right,158.7649164733244,borderline,-17.201282147686022,forefoot_strike,0.025966815700170842,good_stride,0.5028372618423209,True
425,7.0833,,,,,,,,0.5013026036049786,False
426,7.1,,,,,,,,0.49932832203590993,False
427,7.1167,,,,,,,,0.4970634863912319,False
428,7.1333,,,,,,,,0.4947483584966319,False
429,7.15,,,,,,,,0.4924075354439354,False
430,7.1667,,,,,,,,0.49048891464642835,False
431,7.1833,,,,,,,,0.4887737479907087,False
432,7.2,,,,,,,,0.4874256114272711,False
433,7.2167,,,,,,,,0.4862842513605836,False
434,7.2333,,,,,,,,0.4853167638309953,False
435,7.25,,,,,,,,0.4861053133576243,False
436,7.2667,,,,,,,,0.48693309732707296,False
437,7.2833,,,,,,,,0.48826261820697237,False
438,7.3,,,,,,,,0.4893666442769786,False
439,7.3167,,,,,,,,0.4905737737757574,False
440,7.3333,,,,,,,,0.49158354703625595,False
441,7.35,,,,,,,,0.4927229587462285,False
442,7.3667,,,,,,,,0.4936307754432965,False
443,7.3833,,,,,,,,0.4943892366301697,False
444,7.4,left,161.05562777125883,borderline,-18.36113347590936,forefoot_strike,0.019627601989597787,good_stride,0.49502763872383504,True
445,7.4167,,,,,,,,0.4951711081016503,False
446,7.4333,,,,,,,,0.49474931647612497,False
447,7.45,,,,,,,,0.4940518819556864,False
448,7.4667,,,,,,,,0.49327823600824094,False
449,7.4833,,,,,,,,0.4923603460762028,False
450,7.5,,,,,,,,0.49156620788983324,False
451,7.5167,,,,,,,,0.49082207580103393,False
452,7.5333,,,,,,,,0.4903269304891241,False
453,7.55,,,,,,,,0.49000071119207267,False
454,7.5667,,,,,,,,0.4899184471709843,False
455,7.5833,,,,,,,,0.49116986063320356,False
456,7.6,,,,,,,,0.49301349292251645,False
457,7.6167,,,,,,,,0.494802571823277,False
458,7.6333,,,,,,,,0.4967594822127376,False
459,7.65,,,,,,,,0.4988216125772559,False
460,7.6667,,,,,,,,0.50046964966671,False
461,7.6833,,,,,,,,0.5017705420395964,False
462,7.7,,,,,,,,0.50274412245467,False
463,7.7167,,,,,,,,0.5034730020014747,False
464,7.7333,right,160.35563061645001,borderline,-13.188741443668588,forefoot_strike,0.016327264823132237,good_stride,0.5040423525926379,True
465,7.75,,,,,,,,0.5030444521811035,False
466,7.7667,,,,,,,,0.501627947912284,False
467,7.7833,,,,,,,,0.49939097850001846,False
468,7.8,,,,,,,,0.4972217979930048,False
469,7.8167,,,,,,,,0.494840834235745,False
470,7.8333,,,,,,,,0.4925992621606968,False
471,7.85,,,,,,,,0.4905894238357551,False
472,7.8667,,,,,,,,0.488989500839605,False
473,7.8833,,,,,,,,0.4877486143653935,False
474,7.9,,,,,,,,0.48672224803171005,False
475,7.9167,,,,,,,,0.48741762393828686,False
476,7.9333,,,,,,,,0.4882618568470147,False
477,7.95,,,,,,,,0.4893390290838129,False
478,7.9667,,,,,,,,0.4902588454361956,False
479,7.9833,,,,,,,,0.4911592404715097,False
480,8.0,,,,,,,,0.49221580053148645,False
481,8.0167,,,,,,,,0.4931486814001917,False
482,8.0333,,,,,,,,0.4938771809220728,False
483,8.05,,,,,,,,0.49447156257431424,False
484,8.0667,left,160.3122151469294,borderline,-21.77616732798981,forefoot_strike,0.01863694716012576,good_stride,0.4949696062723216,True
485,8.0833,,,,,,,,0.49525298615320995,False
486,8.1,,,,,,,,0.4950640482152542,False
487,8.1167,,,,,,,,0.49402833736493734,False
488,8.1333,,,,,,,,0.49280505213264836,False
489,8.15,,,,,,,,0.49163855479518226,False
490,8.1667,,,,,,,,0.4903758081466789,False
491,8.1833,,,,,,,,0.4890121763956876,False
492,8.2,,,,,,,,0.48779341681757477,False
493,8.2167,,,,,,,,0.4867755100598562,False
494,8.2333,,,,,,,,0.4859531518864757,False
495,8.25,,,,,,,,0.4864629208234754,False
496,8.2667,,,,,,,,0.4876526335715632,False
497,8.2833,,,,,,,,0.48910356588361714,False
498,8.3,,,,,,,,0.490980420589426,False
499,8.3167,,,,,,,,0.49280900427622243,False
500,8.3333,,,,,,,,0.4945215082755865,False
501,8.35,,,,,,,,0.49600311529917873,False
502,8.3667,,,,,,,,0.4974370989243215,False
503,8.3833,,,,,,,,0.498913493136808,False
504,8.4,right,156.8456058249186,borderline,-13.495713024299787,forefoot_strike,0.010066286528185753,good_stride,0.500433817321204,True
505,8.4167,,,,,,,,0.5015669626692179,False
506,8.4333,,,,,,,,0.5024610397811016,False
507,8.45,,,,,,,,0.5021745263399597,False
508,8.4667,,,,,,,,0.5010701904068242,False
509,8.4833,,,,,,,,0.4997758718567257,False
510,8.5,,,,,,,,0.4981815318264923,False
511,8.5167,,,,,,,,0.49643608618527774,False
